date/time,settlement id ,type ,order id,Sku,description ,quantity,marketplace ,fulfillment,order city ,order state ,order postal ,product sales ,shipping credits ,promotional rebates ,Total sales tax liable(GST before adjusting TCS),TCS-CGST,TCS-SGST,TCS-IGST,selling fees ,fba fees ,other transaction fees ,other ,total 
01-May-2018 4:52:48 AM GMT+00:00,10189090122,"Order
",407-0074715-9476306,AMANEEM-1,LOOFAH (PACK OF 10 PCS)100%NATURAL RIDGE GOURD ORGANIC FIBER,1,amazon.in,"Amazon
",MUMBAI,MAHARASHTRA,400076,321.19,10.59,-10.59,57.81,0,0,0,-13.42,-76.7,-17.7,0,271.18
01-May-2018 7:06:14 AM GMT+00:00,10189090122,"Shipping Services
",408-7080209-6199543,,Easy Ship weight handling fees,,Amazon.in,Merchant,,,,0,0,0,0,0,0,0,0,0,-76.7,0,-76.7
01-May-2018 7:06:17 AM GMT+00:00,10189090122,"Shipping Services
",408-4518704-7836358,,Easy Ship weight handling fees,,Amazon.in,Merchant,,,,0,0,0,0,0,0,0,0,0,-53.1,0,-53.1
01-May-2018 7:06:57 AM GMT+00:00,10189090122,"Order
",408-7080209-6199543,DISPMEN,PACK OF 10 PCS GOOD QUALITY MEN UNDERWEAR BRIEF USE AND THROUGH)DISPOSABLE,1,amazon.in,Merchant,Sawantwadi,MAHARASHTRA,416510,338.14,55.08,0,70.78,0,0,0,-71.18,0,-5.9,0,386.92
01-May-2018 7:07:28 AM GMT+00:00,10189090122,"Order
",408-4518704-7836358,MEN DISPO,PACK OF 10 PCS GOOD QUALITY MEN UNDERWEAR BRIEF USE AND THROUGH)DISPOSABLE,1,amazon.in,Merchant,New Delhi,DELHI,110019,321.19,55.08,0,67.73,0,0,0,-68.11,0,-5.9,0,369.99
01-May-2018 8:18:50 AM GMT+00:00,10189090122,"Order
",405-4976522-8458717,DISPO51,"PACK OF 10 PCS GOOD QUALITY USE AND THROW DISPOSABLE PANTY PACK OF 10 PCS IN WHITE COLOR FREE SIZE IDEAL FOR TRAVELLING,CAMPING,FITNESS,OLD AGE,HOSPIT",1,amazon.in,"Amazon
",Mumbai,MAHARASHTRA,400098,397.46,42.37,0,79.17,0,0,0,-71.94,-119.07,-17.7,0,310.29
02-May-2018 4:50:04 AM GMT+00:00,10189090122,"Order
",404-8043879-0695550,WOOD,"PACK OF 2 GOOD QUALITY Wood Back Scratcher Massager 18"" Long Self-Massage Back Scratcher With Double ball Rolling massage",1,amazon.in,"Amazon
",Zirakpur,PUNJAB,140603,329.66,42.37,0,66.97,0,0,0,-32.13,-97.83,-23.6,0,285.44
02-May-2018 5:09:51 AM GMT+00:00,10189090122,"Shipping Services
",403-8135550-8493958,,Easy Ship weight handling fees,,Amazon.in,Merchant,,,,0,0,0,0,0,0,0,0,0,-53.1,0,-53.1
02-May-2018 5:12:42 AM GMT+00:00,10189090122,"Shipping Services
",405-8768206-2887512,,Easy Ship weight handling fees,,Amazon.in,Merchant,,,,0,0,0,0,0,0,0,0,0,-76.7,0,-76.7
02-May-2018 5:13:40 AM GMT+00:00,10189090122,"Order
",405-8768206-2887512,DISPOC,"DISPOSABLE NON WOVEN PACK OF 10 PCS GOOD QUALITY USE AND THROW DISPOSABLE PANTY PACK OF 10 PCS IN WHITE COLOR FREE SIZE IDEAL FOR TRAVELLING,CAMPING,F",1,amazon.in,Merchant,PUNE,MAHARASHTRA,411021,328.81,55.08,0,69.11,0,0,0,-69.49,0,-5.9,0,377.61
02-May-2018 5:21:48 AM GMT+00:00,10189090122,"Order
",403-8135550-8493958,LOOFA5,LOOFA (5 PCS)100% NATURAL RIDGE GOURD FIBER LOOFAH PACK OF 5 PCS,1,amazon.in,Merchant,new delhi,DELHI,110064,252.54,55.08,0,55.38,0,0,0,-12.85,0,-5.9,0,344.25
02-May-2018 5:55:03 AM GMT+00:00,10189090122,"Order
",402-2334293-6449130,DISPO51,"PACK OF 10 PCS GOOD QUALITY USE AND THROW DISPOSABLE PANTY PACK OF 10 PCS IN WHITE COLOR FREE SIZE IDEAL FOR TRAVELLING,CAMPING,FITNESS,OLD AGE,HOSPIT",1,amazon.in,"Amazon
",THANE,MAHARASHTRA,400607,397.46,42.37,0,79.17,0,0,0,-71.94,-119.07,-17.7,0,310.29
02-May-2018 7:12:31 AM GMT+00:00,10189090122,"Refund
",404-3857080-9752306,LUFA,LOOFA PACK OF 10 PCS 100% NATURAL RIDGE GOURD FIBER LOOFAH,1,amazon.in,Merchant,BENGALURU,KARNATAKA,560090,-304.24,-55.08,0,-64.68,0,0,0,30.02,0,11.8,0,-382.18
02-May-2018 11:21:42 AM GMT+00:00,10189090122,"Adjustment
",,,Non-subscription Fee Adjustment,,,,,,,0,0,0,0,0,0,0,0,0,0,76.7,76.7
02-May-2018 12:44:28 PM GMT+00:00,10189090122,"Order
",171-1570571-9745140,HEAD,"SET OF 2 PCS Head Scalp Massager New Arrival Best Selling Premium Quality Lowest Price Hand Held, Relieves Stress, Removes Muscle Tension & Tiredness,",1,amazon.in,"Amazon
",jalandhar,punjab,144004,253.39,42.37,0,53.24,0,0,0,-38.81,-91.93,-17.7,0,200.56
02-May-2018 2:23:40 PM GMT+00:00,10189090122,"Order
",408-7101319-2258757,DISPO51,"PACK OF 10 PCS GOOD QUALITY USE AND THROW DISPOSABLE PANTY PACK OF 10 PCS IN WHITE COLOR FREE SIZE IDEAL FOR TRAVELLING,CAMPING,FITNESS,OLD AGE,HOSPIT",1,amazon.in,"Amazon
",JAIPUR,RAJASTHAN,302015,397.46,0,0,71.54,0,0,0,-71.94,-49.56,-17.7,0,329.8
02-May-2018 10:14:42 PM GMT+00:00,10189090122,"Order
",403-2549936-4473133,DISPO51,"PACK OF 10 PCS GOOD QUALITY USE AND THROW DISPOSABLE PANTY PACK OF 10 PCS IN WHITE COLOR FREE SIZE IDEAL FOR TRAVELLING,CAMPING,FITNESS,OLD AGE,HOSPIT",1,amazon.in,"Amazon
",ERNAKULAM,KERALA,682020,397.46,42.37,0,79.17,0,0,0,-71.94,-119.07,-17.7,0,310.29
03-May-2018 6:29:09 AM GMT+00:00,10189090122,"Order
",405-9376318-3149946,DISPO51,"PACK OF 10 PCS GOOD QUALITY USE AND THROW DISPOSABLE PANTY PACK OF 10 PCS IN WHITE COLOR FREE SIZE IDEAL FOR TRAVELLING,CAMPING,FITNESS,OLD AGE,HOSPIT",1,amazon.in,"Amazon
",CHENNAI,TAMIL NADU,600018,397.46,42.37,0,79.17,0,0,0,-71.94,-119.07,-17.7,0,310.29
03-May-2018 7:11:57 AM GMT+00:00,10189090122,"Shipping Services
",406-4483380-0712361,,Easy Ship weight handling fees,,Amazon.in,Merchant,,,,0,0,0,0,0,0,0,0,0,-76.7,0,-76.7
03-May-2018 7:12:07 AM GMT+00:00,10189090122,"Shipping Services
",404-8028144-2637959,,Easy Ship weight handling fees,,Amazon.in,Merchant,,,,0,0,0,0,0,0,0,0,0,-76.7,0,-76.7
03-May-2018 7:12:56 AM GMT+00:00,10189090122,"Order
",404-8028144-2637959,DISPODF,"PACK OF 10 PCS GOOD QUALITY USE AND THROW DISPOSABLE PANTY PACK OF 10 PCS IN WHITE COLOR FREE SIZE IDEAL FOR TRAVELLING,CAMPING,FITNESS,OLD AGE,HOSPIT",2,amazon.in,Merchant,MUMBAI,MAHARASHTRA,400028,642.38,110.16,0,135.46,0,0,0,-136.22,0,-11.8,0,739.98
03-May-2018 7:13:00 AM GMT+00:00,10189090122,"Order
",406-4483380-0712361,DISPMAN1,PACK OF 10 PCS GOOD QUALITY MEN UNDERWEAR BRIEF USE AND THROUGH)DISPOSABLE,1,amazon.in,Merchant,MUMBAI,MAHARASHTRA,400016,338.14,55.08,0,70.78,0,0,0,-71.18,0,-5.9,0,386.92
03-May-2018 8:18:37 AM GMT+00:00,10189090122,"Shipping Services
",407-3910303-5181931,,Easy Ship weight handling fees,,Amazon.in,Merchant,,,,0,0,0,0,0,0,0,0,0,-76.7,0,-76.7
03-May-2018 8:18:54 AM GMT+00:00,10189090122,"Order
",171-2309243-0993134,SCRTR,"(PACK OF 2)GOOD QUALITY Sisam Wood solid Back Scratcher 15"" Long Self-Massage Back Scratcher",1,amazon.in,"Amazon
",NEW DELHI,DELHI,110092,337.29,42.37,0,68.34,0,0,0,-32.87,-88.39,-23.6,0,303.14
03-May-2018 8:19:39 AM GMT+00:00,10189090122,"Order
",407-3910303-5181931,DISPMAN1,PACK OF 10 PCS GOOD QUALITY MEN UNDERWEAR BRIEF USE AND THROUGH)DISPOSABLE,1,amazon.in,Merchant,KOLKATA,WEST BENGAL,700027,338.14,55.08,0,70.78,0,0,0,-71.18,0,-5.9,0,386.92
03-May-2018 9:15:24 AM GMT+00:00,10189090122,"Refund
",403-7551618-3475545,DISPMAN1,PACK OF 10 PCS GOOD QUALITY MEN UNDERWEAR BRIEF USE AND THROUGH)DISPOSABLE,1,amazon.in,Merchant,BENGALURU,KARNATAKA,560070,-321.19,-55.08,0,-67.73,0,0,0,78.59,0,11.8,0,-353.61
04-May-2018 3:29:22 AM GMT+00:00,10189090122,"Adjustment
",408-2030299-1489114,WOOD,FBA Inventory Reimbursement - Customer Return,1,,,,,,0,0,0,0,0,0,0,0,0,0,65.28,65.28
04-May-2018 4:59:04 AM GMT+00:00,10189090122,"Shipping Services
",403-5446273-4914759,,Easy Ship weight handling fees,,Amazon.in,Merchant,,,,0,0,0,0,0,0,0,0,0,-76.7,0,-76.7
04-May-2018 4:59:43 AM GMT+00:00,10189090122,"Order
",403-5446273-4914759,DISPMEN,PACK OF 10 PCS GOOD QUALITY MEN UNDERWEAR BRIEF USE AND THROUGH)DISPOSABLE,1,amazon.in,Merchant,pune,Maharashtra,411007,338.14,55.08,0,70.78,0,0,0,-71.18,0,-5.9,0,386.92
04-May-2018 8:20:40 AM GMT+00:00,10036976562,"Transfer
",,,To account ending with: ,,,,,,,0,0,0,0,0,0,0,0,0,0,"-11,552.95","-11,552.95"
05-May-2018 6:07:42 AM GMT+00:00,10036976562,"Refund
",404-0585392-8955546,SCRTR,"(PACK OF 2)GOOD QUALITY Sisam Wood solid Back Scratcher 15"" Long Self-Massage Back Scratcher",1,amazon.in,"Amazon
",CHENNAI,TAMIL NADU,600089,-338.98,0,0,-61.02,0,0,0,26.43,0,23.6,0,-349.97
05-May-2018 6:30:48 AM GMT+00:00,10036976562,"Order
",406-2878518-3906746,AMANEEM-1,LOOFAH (PACK OF 10 PCS)100%NATURAL RIDGE GOURD ORGANIC FIBER,1,amazon.in,"Amazon
",JAIPUR,RAJASTHAN,302020,321.19,42.37,0,65.44,0,0,0,-13.42,-91.93,-17.7,0,305.95
05-May-2018 8:28:52 AM GMT+00:00,10036976562,"Order
",407-6286594-0014744,WOOD,"PACK OF 2 GOOD QUALITY Wood Back Scratcher Massager 18"" Long Self-Massage Back Scratcher With Double ball Rolling massage",1,amazon.in,"Amazon
",CHANDIGARH,CHANDIGARH,160022,329.66,42.37,0,66.97,0,0,0,-32.13,-97.83,-23.6,0,285.44
05-May-2018 10:43:31 AM GMT+00:00,10036976562,"Order
",407-8252276-0598752,SCRTR,"(PACK OF 2)GOOD QUALITY Sisam Wood solid Back Scratcher 15"" Long Self-Massage Back Scratcher",1,amazon.in,"Amazon
",Chennai,TAMIL NADU,600034,337.29,0,0,60.71,0,0,0,-32.87,-82.6,-23.6,0,258.93
05-May-2018 12:42:54 PM GMT+00:00,10036976562,"Order
",404-6928818-8111567,DISPO51,"PACK OF 10 PCS GOOD QUALITY USE AND THROW DISPOSABLE PANTY PACK OF 10 PCS IN WHITE COLOR FREE SIZE IDEAL FOR TRAVELLING,CAMPING,FITNESS,OLD AGE,HOSPIT",1,amazon.in,"Amazon
",BENGALURU,KARNATAKA,560079,397.46,0,0,71.54,0,0,0,-71.94,-76.7,-17.7,0,302.66
05-May-2018 6:21:36 PM GMT+00:00,10036976562,"Refund
",402-9831932-8111561,DISPO51,"PACK OF 10 PCS GOOD QUALITY USE AND THROW DISPOSABLE PANTY PACK OF 10 PCS IN WHITE COLOR FREE SIZE IDEAL FOR TRAVELLING,CAMPING,FITNESS,OLD AGE,HOSPIT",2,amazon.in,"Amazon
",BENGALURU,KARNATAKA,560102,-794.92,0,0,-143.08,0,0,0,143.89,0,35.4,0,-758.71
05-May-2018 7:47:44 PM GMT+00:00,10036976562,"Order
",171-7781368-5433969,DISPO51,"PACK OF 10 PCS GOOD QUALITY USE AND THROW DISPOSABLE PANTY PACK OF 10 PCS IN WHITE COLOR FREE SIZE IDEAL FOR TRAVELLING,CAMPING,FITNESS,OLD AGE,HOSPIT",1,amazon.in,"Amazon
",MUMBAI,MAHARASHTRA,400008,397.46,21.19,-21.19,71.54,0,0,0,-71.94,-76.7,-17.7,0,302.66
06-May-2018 5:03:57 AM GMT+00:00,10036976562,"Shipping Services
",171-7882310-3953115,,Easy Ship weight handling fees,,Amazon.in,Merchant,,,,0,0,0,0,0,0,0,0,0,-76.7,0,-76.7
06-May-2018 5:03:58 AM GMT+00:00,10036976562,"Shipping Services
",408-1719309-5437113,,Easy Ship weight handling fees,,Amazon.in,Merchant,,,,0,0,0,0,0,0,0,0,0,-53.1,0,-53.1
06-May-2018 5:04:00 AM GMT+00:00,10036976562,"Shipping Services
",405-6008984-8044356,,Easy Ship weight handling fees,,Amazon.in,Merchant,,,,0,0,0,0,0,0,0,0,0,-76.7,0,-76.7
06-May-2018 5:04:00 AM GMT+00:00,10036976562,"Shipping Services
",408-2492793-4812344,,Easy Ship weight handling fees,,Amazon.in,Merchant,,,,0,0,0,0,0,0,0,0,0,-53.1,0,-53.1
06-May-2018 5:04:43 AM GMT+00:00,10036976562,"Order
",171-7882310-3953115,DISPMEN,PACK OF 10 PCS GOOD QUALITY MEN UNDERWEAR BRIEF USE AND THROUGH)DISPOSABLE,1,amazon.in,Merchant,Thane W,Maharashtra,400601,338.14,55.08,0,70.78,0,0,0,-71.18,0,-5.9,0,386.92
06-May-2018 5:04:47 AM GMT+00:00,10036976562,"Order
",405-6008984-8044356,LUFA,LOOFA PACK OF 10 PCS 100% NATURAL RIDGE GOURD FIBER LOOFAH,1,amazon.in,Merchant,MUMBAI,MAHARASHTRA,400052,337.29,55.08,0,70.63,0,0,0,-16.39,0,-5.9,0,440.71
06-May-2018 5:04:56 AM GMT+00:00,10036976562,"Order
",408-2492793-4812344,LUFA,LOOFA PACK OF 10 PCS 100% NATURAL RIDGE GOURD FIBER LOOFAH,1,amazon.in,Merchant,NEW DELHI,DELHI,110051,337.29,55.08,0,70.63,0,0,0,-16.39,0,-5.9,0,440.71
06-May-2018 5:04:59 AM GMT+00:00,10036976562,"Order
",408-1719309-5437113,LUFA,LOOFA PACK OF 10 PCS 100% NATURAL RIDGE GOURD FIBER LOOFAH,1,amazon.in,Merchant,NEW DELHI,DELHI,110051,337.29,55.08,0,70.63,0,0,0,-16.39,0,-5.9,0,440.71
06-May-2018 5:42:31 AM GMT+00:00,10036976562,"Order
",408-7017283-3782730,BIG LUFA,"LOOFAH (3 PCS)100% NATURAL RIDGE GOURD FIBER BIG SIZE 8""TO10"" INCH LONG(YOU CAN CUT IT AS PER YOUR REQUARMENT) &#x2022; Use with your favorite liquid",1,amazon.in,"Amazon
",UJJAIN,MADHYA PRADESH,456006,337.29,10.59,-10.59,60.71,0,0,0,-14.09,-76.7,-17.7,0,289.51
06-May-2018 8:39:45 AM GMT+00:00,10036976562,"Order
",402-7031536-4569912,DISPO51,"PACK OF 10 PCS GOOD QUALITY USE AND THROW DISPOSABLE PANTY PACK OF 10 PCS IN WHITE COLOR FREE SIZE IDEAL FOR TRAVELLING,CAMPING,FITNESS,OLD AGE,HOSPIT",1,amazon.in,"Amazon
",HYDERABAD,TELANGANA,500040,397.46,0,0,71.54,0,0,0,-71.94,-76.7,-17.7,0,302.66
06-May-2018 10:45:33 AM GMT+00:00,10036976562,"Refund
",402-2334293-6449130,DISPO51,"PACK OF 10 PCS GOOD QUALITY USE AND THROW DISPOSABLE PANTY PACK OF 10 PCS IN WHITE COLOR FREE SIZE IDEAL FOR TRAVELLING,CAMPING,FITNESS,OLD AGE,HOSPIT",1,amazon.in,"Amazon
",THANE,MAHARASHTRA,400607,-397.46,-42.37,0,-79.17,0,0,0,71.94,42.37,17.7,0,-386.99
06-May-2018 4:54:39 PM GMT+00:00,10036976562,"FBA Inventory Fee
",Xi558h8616,,FBA Removal Order: Return Fee,,Amazon.in,,,,,0,0,0,0,0,0,0,0,0,0,-35.4,-35.4
07-May-2018 4:29:03 AM GMT+00:00,10036976562,"Order
",404-5503754-1495532,DISPO51,"PACK OF 10 PCS GOOD QUALITY USE AND THROW DISPOSABLE PANTY PACK OF 10 PCS IN WHITE COLOR FREE SIZE IDEAL FOR TRAVELLING,CAMPING,FITNESS,OLD AGE,HOSPIT",1,amazon.in,"Amazon
",THIRUVANANTHAPURAM,KERALA,695012,396.61,14.13,-14.13,71.39,0,0,0,-71.79,-76.7,-17.7,0,301.81
07-May-2018 4:30:34 AM GMT+00:00,10036976562,"FBA Inventory Fee
",,,FBA Inbound Pickup Service,,Amazon.in,,,,,0,0,0,0,0,0,0,0,0,0,-598.12,-598.12
07-May-2018 5:29:21 AM GMT+00:00,10036976562,"Shipping Services
",407-8100590-8001963,,Easy Ship weight handling fees,,Amazon.in,Merchant,,,,0,0,0,0,0,0,0,0,0,-76.7,0,-76.7
07-May-2018 5:29:30 AM GMT+00:00,10036976562,"Shipping Services
",402-8479996-4980313,,Easy Ship weight handling fees,,Amazon.in,Merchant,,,,0,0,0,0,0,0,0,0,0,-76.7,0,-76.7
07-May-2018 5:29:44 AM GMT+00:00,10036976562,"Shipping Services
",171-7970845-9397955,,Easy Ship weight handling fees,,Amazon.in,Merchant,,,,0,0,0,0,0,0,0,0,0,-76.7,0,-76.7
07-May-2018 5:30:09 AM GMT+00:00,10036976562,"Order
",407-8100590-8001963,DISPMAN1,PACK OF 10 PCS GOOD QUALITY MEN UNDERWEAR BRIEF USE AND THROUGH)DISPOSABLE,1,amazon.in,Merchant,Mumbai,MAHARASHTRA,400063,337.29,55.08,0,70.63,0,0,0,-71.02,0,-5.9,0,386.08
07-May-2018 5:30:12 AM GMT+00:00,10036976562,"Order
",402-8479996-4980313,DISPMAN1,PACK OF 10 PCS GOOD QUALITY MEN UNDERWEAR BRIEF USE AND THROUGH)DISPOSABLE,1,amazon.in,Merchant,MUMBAI,MAHARASHTRA,400052,337.29,55.08,0,70.63,0,0,0,-71.02,0,-5.9,0,386.08
07-May-2018 5:30:37 AM GMT+00:00,10036976562,"Order
",171-7970845-9397955,DISPOC,"DISPOSABLE NON WOVEN PACK OF 10 PCS GOOD QUALITY USE AND THROW DISPOSABLE PANTY PACK OF 10 PCS IN WHITE COLOR FREE SIZE IDEAL FOR TRAVELLING,CAMPING,F",1,amazon.in,Merchant,PUNE,MAHARASHTRA,411004,329.66,55.08,0,69.26,0,0,0,-69.64,0,-5.9,0,378.46
07-May-2018 5:32:14 AM GMT+00:00,10036976562,"Shipping Services
",404-2844282-4042719,,Easy Ship weight handling fees,,Amazon.in,Merchant,,,,0,0,0,0,0,0,0,0,0,-76.7,0,-76.7
07-May-2018 5:43:04 AM GMT+00:00,10036976562,"Order
",404-2844282-4042719,DISPMAN1,PACK OF 10 PCS GOOD QUALITY MEN UNDERWEAR BRIEF USE AND THROUGH)DISPOSABLE,1,amazon.in,Merchant,MUMBAI,MAHARASHTRA,400080,337.29,55.08,0,70.63,0,0,0,-71.02,0,-5.9,0,386.08
07-May-2018 8:23:09 AM GMT+00:00,10036976562,"Refund
",408-7080209-6199543,DISPMEN,PACK OF 10 PCS GOOD QUALITY MEN UNDERWEAR BRIEF USE AND THROUGH)DISPOSABLE,1,amazon.in,Merchant,Sawantwadi,MAHARASHTRA,416510,-338.14,-55.08,0,-70.78,0,0,0,56.95,0,5.9,0,-401.15
07-May-2018 9:37:44 AM GMT+00:00,10036976562,"Order
",404-8839018-2005107,WOOD,"PACK OF 2 GOOD QUALITY Wood Back Scratcher Massager 18"" Long Self-Massage Back Scratcher With Double ball Rolling massage",1,amazon.in,"Amazon
",Surat,Gujarat,395010,328.81,0,0,59.19,0,0,0,-32.05,-82.6,-23.6,0,249.75
07-May-2018 9:30:36 PM GMT+00:00,10036976562,"Order
",403-3058808-6439566,DISPO51,"PACK OF 10 PCS GOOD QUALITY USE AND THROW DISPOSABLE PANTY PACK OF 10 PCS IN WHITE COLOR FREE SIZE IDEAL FOR TRAVELLING,CAMPING,FITNESS,OLD AGE,HOSPIT",1,amazon.in,"Amazon
","Govandi, Mumbai",MAHARASHTRA,400088,396.61,21.19,-21.19,71.39,0,0,0,-143.58,-76.7,-35.4,0,212.32
07-May-2018 9:30:36 PM GMT+00:00,10036976562,"Order
",403-3058808-6439566,DISPO51,"PACK OF 10 PCS GOOD QUALITY USE AND THROW DISPOSABLE PANTY PACK OF 10 PCS IN WHITE COLOR FREE SIZE IDEAL FOR TRAVELLING,CAMPING,FITNESS,OLD AGE,HOSPIT",1,amazon.in,"Amazon
","Govandi, Mumbai",MAHARASHTRA,400088,396.61,21.19,-21.19,71.39,0,0,0,0,-76.7,0,0,391.3
08-May-2018 4:58:59 AM GMT+00:00,10036976562,"Order
",405-7910218-4571518,AMANEEM-1,LOOFAH (PACK OF 10 PCS)100%NATURAL RIDGE GOURD ORGANIC FIBER,1,amazon.in,"Amazon
",SEONI,MADHYA PRADESH,480661,321.19,42.37,0,65.44,0,0,0,-13.42,-119.07,-17.7,0,278.81
08-May-2018 5:49:52 AM GMT+00:00,10036976562,"Shipping Services
",404-8674273-5937132,,Easy Ship weight handling fees,,Amazon.in,Merchant,,,,0,0,0,0,0,0,0,0,0,-76.7,0,-76.7
08-May-2018 5:50:14 AM GMT+00:00,10036976562,"Shipping Services
",405-2569366-6437164,,Easy Ship weight handling fees,,Amazon.in,Merchant,,,,0,0,0,0,0,0,0,0,0,-76.7,0,-76.7
08-May-2018 5:50:36 AM GMT+00:00,10036976562,"Order
",404-8674273-5937132,SCR,"FREE GOOD QUALITY Bamboo Wood Back Scratcher Massager 18"" Long Self-Massage Back Scratcher With Double ball Rolling massage",1,amazon.in,Merchant,Mumbai,MAHARASHTRA,400080,235.59,55.08,0,52.33,0,0,0,-44.52,0,-5.9,0,292.58
08-May-2018 5:50:55 AM GMT+00:00,10036976562,"Order
",405-2569366-6437164,DISPO56,"PACK OF 10 PCS GOOD QUALITY USE AND THROW DISPOSABLE PANTY PACK OF 10 PCS IN WHITE COLOR FREE SIZE IDEAL FOR TRAVELLING,CAMPING,FITNESS,OLD AGE,HOSPIT",1,amazon.in,Merchant,MUMBAI,MAHARASHTRA,400058,320.34,55.08,0,67.58,0,0,0,-67.96,0,-5.9,0,369.14
08-May-2018 5:57:32 AM GMT+00:00,10036976562,"Shipping Services
",402-7815173-9770742,,Easy Ship weight handling fees,,Amazon.in,Merchant,,,,0,0,0,0,0,0,0,0,0,-108.56,0,-108.56
08-May-2018 5:58:08 AM GMT+00:00,10036976562,"Order
",402-7815173-9770742,JUG,PACK OF TWO PLASTIC JUG 2.5 LTR EACH,1,amazon.in,Merchant,kolkata,west bengal,700032,210.17,55.08,0,47.75,0,0,0,-42.48,0,-5.9,0,264.62
08-May-2018 11:44:25 AM GMT+00:00,10036976562,"Order
",404-4371660-0252347,DISPO51,"PACK OF 10 PCS GOOD QUALITY USE AND THROW DISPOSABLE PANTY PACK OF 10 PCS IN WHITE COLOR FREE SIZE IDEAL FOR TRAVELLING,CAMPING,FITNESS,OLD AGE,HOSPIT",1,amazon.in,"Amazon
",NEW DELHI,DELHI,110034,396.61,21.19,-21.19,71.39,0,0,0,-71.79,-49.56,-17.7,0,328.95
08-May-2018 10:27:56 PM GMT+00:00,10036976562,"Order
",404-2858179-6708306,DISPO51,"PACK OF 10 PCS GOOD QUALITY USE AND THROW DISPOSABLE PANTY PACK OF 10 PCS IN WHITE COLOR FREE SIZE IDEAL FOR TRAVELLING,CAMPING,FITNESS,OLD AGE,HOSPIT",1,amazon.in,"Amazon
",BENGALURU,KARNATAKA,560098,396.61,42.37,0,79.02,0,0,0,-71.79,-119.07,-17.7,0,309.44
09-May-2018 5:20:20 AM GMT+00:00,10036976562,"Shipping Services
",403-7032604-2550734,,Easy Ship weight handling fees,,Amazon.in,Merchant,,,,0,0,0,0,0,0,0,0,0,-53.1,0,-53.1
09-May-2018 5:20:43 AM GMT+00:00,10036976562,"Shipping Services
",404-9587671-6563500,,Easy Ship weight handling fees,,Amazon.in,Merchant,,,,0,0,0,0,0,0,0,0,0,-76.7,0,-76.7
09-May-2018 5:20:55 AM GMT+00:00,10036976562,"Order
",403-7032604-2550734,DISPMAN1,PACK OF 10 PCS GOOD QUALITY MEN UNDERWEAR BRIEF USE AND THROUGH)DISPOSABLE,1,amazon.in,Merchant,DELHI,DELHI,110085,337.29,55.08,0,70.63,0,0,0,-71.02,0,-5.9,0,386.08
09-May-2018 5:20:55 AM GMT+00:00,10036976562,"Order
",403-7032604-2550734,DISPODF,"PACK OF 10 PCS GOOD QUALITY USE AND THROW DISPOSABLE PANTY PACK OF 10 PCS IN WHITE COLOR FREE SIZE IDEAL FOR TRAVELLING,CAMPING,FITNESS,OLD AGE,HOSPIT",1,amazon.in,Merchant,DELHI,DELHI,110085,320.34,55.08,0,67.58,0,0,0,-67.96,0,-5.9,0,369.14
09-May-2018 5:21:18 AM GMT+00:00,10036976562,"Order
",404-9587671-6563500,DISPMAN1,PACK OF 10 PCS GOOD QUALITY MEN UNDERWEAR BRIEF USE AND THROUGH)DISPOSABLE,1,amazon.in,Merchant,HOWRAH,WEST BENGAL,711102,337.29,55.08,0,70.63,0,0,0,-71.02,0,-5.9,0,386.08
09-May-2018 7:21:22 AM GMT+00:00,10036976562,"Refund
",408-3381488-3106715,DISPOC,"DISPOSABLE NON WOVEN PACK OF 10 PCS GOOD QUALITY USE AND THROW DISPOSABLE PANTY PACK OF 10 PCS IN WHITE COLOR FREE SIZE IDEAL FOR TRAVELLING,CAMPING,F",1,amazon.in,Merchant,PALAMPUR,HIMACHAL PRADESH,176061,-338.98,-55.08,0,-70.94,0,0,0,71.33,0,5.9,0,-387.77
09-May-2018 9:11:27 AM GMT+00:00,10036976562,"Order
",403-7768449-5312310,AMANEEM-1,LOOFAH (PACK OF 10 PCS)100%NATURAL RIDGE GOURD ORGANIC FIBER,1,amazon.in,"Amazon
",MUMBAI,MAHARASHTRA,400064,320.34,21.19,-21.19,57.66,0,0,0,-13.38,-76.7,-17.7,0,270.22
10-May-2018 5:01:25 AM GMT+00:00,10036976562,"Shipping Services
",404-9615576-8865912,,Easy Ship weight handling fees,,Amazon.in,Merchant,,,,0,0,0,0,0,0,0,0,0,-76.7,0,-76.7
10-May-2018 5:02:32 AM GMT+00:00,10036976562,"Order
",404-9615576-8865912,ARTI LUFA,Bath Shower Soft Loofah Sponge Pack of 4,1,amazon.in,Merchant,CHENNAI,TAMIL NADU,600039,177.68,58.04,0,28.28,0,0,0,-9.34,0,-5.9,0,248.76
10-May-2018 8:35:42 AM GMT+00:00,10036976562,"Shipping Services
",406-8759857-4483549,,Easy Ship weight handling fees,,Amazon.in,Merchant,,,,0,0,0,0,0,0,0,0,0,-76.7,0,-76.7
10-May-2018 8:36:21 AM GMT+00:00,10036976562,"Order
",406-8759857-4483549,LOFA4,LOOFAH NATURAL FIBER (PACK OF 10 PCS)100%NATURAL RIDGE GOURD ORGANIC FIBER,1,amazon.in,Merchant,RANCHI,JHARKHAND,834001,292.86,58.04,0,42.1,0,0,0,-13.91,0,-5.9,0,373.19
10-May-2018 9:33:41 PM GMT+00:00,10036976562,"Order
",407-1428415-0884312,DISPO51,"PACK OF 10 PCS GOOD QUALITY USE AND THROW DISPOSABLE PANTY PACK OF 10 PCS IN WHITE COLOR FREE SIZE IDEAL FOR TRAVELLING,CAMPING,FITNESS,OLD AGE,HOSPIT",1,amazon.in,"Amazon
",NAVI MUMBAI,MAHARASHTRA,400705,396.61,42.37,0,79.02,0,0,0,-71.79,-119.07,-17.7,0,309.44
10-May-2018 9:34:46 PM GMT+00:00,10036976562,"Order
",405-0119309-4857957,DISPO51,"PACK OF 10 PCS GOOD QUALITY USE AND THROW DISPOSABLE PANTY PACK OF 10 PCS IN WHITE COLOR FREE SIZE IDEAL FOR TRAVELLING,CAMPING,FITNESS,OLD AGE,HOSPIT",1,amazon.in,"Amazon
",KOLKATA,WEST BENGAL,700001,418.75,44.64,0,55.61,0,0,0,-71.94,-121.34,-17.7,0,308.02
11-May-2018 5:12:56 AM GMT+00:00,10036976562,"Order
",403-6538471-9228307,AMANEEM-1,LOOFAH (PACK OF 10 PCS)100%NATURAL RIDGE GOURD ORGANIC FIBER,1,amazon.in,"Amazon
",BIDHAN NAGAR,WEST BENGAL,700091,338.39,0,0,40.61,0,0,0,-13.42,-76.7,-17.7,0,271.18
11-May-2018 6:16:47 AM GMT+00:00,10036976562,"Shipping Services
",407-2566534-6243535,,Easy Ship weight handling fees,,Amazon.in,Merchant,,,,0,0,0,0,0,0,0,0,0,-76.7,0,-76.7
11-May-2018 6:16:57 AM GMT+00:00,10036976562,"Shipping Services
",402-9833245-3129932,,Easy Ship weight handling fees,,Amazon.in,Merchant,,,,0,0,0,0,0,0,0,0,0,-76.7,0,-76.7
11-May-2018 6:17:51 AM GMT+00:00,10036976562,"Order
",407-2566534-6243535,ARTI LUFA,Bath Shower Soft Loofah Sponge Pack of 4,1,amazon.in,Merchant,ASANSOL,WEST BENGAL,713304,176.79,58.04,0,28.17,0,0,0,-9.31,0,-5.9,0,247.79
11-May-2018 6:17:54 AM GMT+00:00,10036976562,"Order
",402-9833245-3129932,DISPMAN1,PACK OF 10 PCS GOOD QUALITY MEN UNDERWEAR BRIEF USE AND THROUGH)DISPOSABLE,1,amazon.in,Merchant,SECUNDERABAD,TELANGANA,500018,356.25,58.04,0,49.71,0,0,0,-71.18,0,-5.9,0,386.92
11-May-2018 9:05:45 AM GMT+00:00,10140700102,"Transfer
",,,To account ending with: ,,,,,,,0,0,0,0,0,0,0,0,0,0,"-5,454.12","-5,454.12"
11-May-2018 2:14:22 PM GMT+00:00,10140700102,"Order
",402-2304944-9582729,AMANEEM-1,LOOFAH (PACK OF 10 PCS)100%NATURAL RIDGE GOURD ORGANIC FIBER,1,amazon.in,"Amazon
",JIND,HARYANA,126102,337.5,44.64,0,45.86,0,0,0,-13.38,-94.2,-17.7,0,302.72
12-May-2018 3:02:59 AM GMT+00:00,10140700102,"Adjustment
",404-0585392-8955546,SCRTR,FBA Inventory Reimbursement - Customer Return,1,,,,,,0,0,0,0,0,0,0,0,0,0,65.53,65.53
12-May-2018 5:50:17 AM GMT+00:00,10140700102,"Shipping Services
",406-3124992-9161169,,Easy Ship weight handling fees,,Amazon.in,Merchant,,,,0,0,0,0,0,0,0,0,0,-76.7,0,-76.7
12-May-2018 5:50:20 AM GMT+00:00,10140700102,"Shipping Services
",405-0473740-8807533,,Easy Ship weight handling fees,,Amazon.in,Merchant,,,,0,0,0,0,0,0,0,0,0,-76.7,0,-76.7
12-May-2018 5:50:26 AM GMT+00:00,10140700102,"Shipping Services
",405-7949178-8113116,,Easy Ship weight handling fees,,Amazon.in,Merchant,,,,0,0,0,0,0,0,0,0,0,-53.1,0,-53.1
12-May-2018 5:50:45 AM GMT+00:00,10140700102,"Order
",406-3124992-9161169,DISPMAN1,PACK OF 10 PCS GOOD QUALITY MEN UNDERWEAR BRIEF USE AND THROUGH)DISPOSABLE,1,amazon.in,Merchant,MUMBAI,MAHARASHTRA,400104,355.36,58.04,0,49.6,0,0,0,-71.02,0,-5.9,0,386.08
12-May-2018 5:50:48 AM GMT+00:00,10140700102,"Order
",405-0473740-8807533,DISPOC,"DISPOSABLE NON WOVEN PACK OF 10 PCS GOOD QUALITY USE AND THROW DISPOSABLE PANTY PACK OF 10 PCS IN WHITE COLOR FREE SIZE IDEAL FOR TRAVELLING,CAMPING,F",1,amazon.in,Merchant,TALEGAON MIDC,MAHARASHTRA,410507,347.32,58.04,0,48.64,0,0,0,-69.64,0,-5.9,0,378.46
12-May-2018 5:51:28 AM GMT+00:00,10140700102,"Order
",405-7949178-8113116,LUFA,LOOFA PACK OF 10 PCS 100% NATURAL RIDGE GOURD FIBER LOOFAH,1,amazon.in,Merchant,NEW DELHI,DELHI,110019,319.64,58.04,0,45.32,0,0,0,-14.97,0,-5.9,0,402.13
12-May-2018 8:52:47 AM GMT+00:00,10140700102,"Order
",404-7191912-2205156,BIG LUFA,"LOOFAH (3 PCS)100% NATURAL RIDGE GOURD FIBER BIG SIZE 8""TO10"" INCH LONG(YOU CAN CUT IT AS PER YOUR REQUARMENT) &#x2022; Use with your favorite liquid",1,amazon.in,"Amazon
",THIRUVANANTHAPURAM,KERALA,695035,329.46,0,0,39.54,0,0,0,-13.06,-76.7,-17.7,0,261.54
12-May-2018 9:53:25 AM GMT+00:00,10140700102,"Order
",406-1889796-6167540,DISPO51,"PACK OF 10 PCS GOOD QUALITY USE AND THROW DISPOSABLE PANTY PACK OF 10 PCS IN WHITE COLOR FREE SIZE IDEAL FOR TRAVELLING,CAMPING,FITNESS,OLD AGE,HOSPIT",1,amazon.in,"Amazon
",Hyderabad,TELANGANA,500062,418.75,44.64,0,55.61,0,0,0,-71.94,-121.34,-17.7,0,308.02
13-May-2018 6:06:28 AM GMT+00:00,10140700102,"Shipping Services
",407-7361221-0568353,,Easy Ship weight handling fees,,Amazon.in,Merchant,,,,0,0,0,0,0,0,0,0,0,-53.1,0,-53.1
13-May-2018 6:06:37 AM GMT+00:00,10140700102,"Shipping Services
",405-1807165-3023562,,Easy Ship weight handling fees,,Amazon.in,Merchant,,,,0,0,0,0,0,0,0,0,0,-76.7,0,-76.7
13-May-2018 6:06:37 AM GMT+00:00,10140700102,"Shipping Services
",407-8231205-9221144,,Easy Ship weight handling fees,,Amazon.in,Merchant,,,,0,0,0,0,0,0,0,0,0,-76.7,0,-76.7
13-May-2018 6:06:43 AM GMT+00:00,10140700102,"Shipping Services
",405-1507925-7709901,,Easy Ship weight handling fees,,Amazon.in,Merchant,,,,0,0,0,0,0,0,0,0,0,-76.7,0,-76.7
13-May-2018 6:06:43 AM GMT+00:00,10140700102,"Shipping Services
",406-9269843-0547515,,Easy Ship weight handling fees,,Amazon.in,Merchant,,,,0,0,0,0,0,0,0,0,0,-76.7,0,-76.7
13-May-2018 6:07:35 AM GMT+00:00,10140700102,"Order
",407-7361221-0568353,LUFA,LOOFA PACK OF 10 PCS 100% NATURAL RIDGE GOURD FIBER LOOFAH,1,amazon.in,Merchant,CHANDIGARH,CHANDIGARH,160049,266.07,58.04,0,38.89,0,0,0,-12.85,0,-5.9,0,344.25
13-May-2018 6:07:39 AM GMT+00:00,10140700102,"Order
",405-1807165-3023562,DISPOC,"DISPOSABLE NON WOVEN PACK OF 10 PCS GOOD QUALITY USE AND THROW DISPOSABLE PANTY PACK OF 10 PCS IN WHITE COLOR FREE SIZE IDEAL FOR TRAVELLING,CAMPING,F",2,amazon.in,Merchant,TALEGAON MIDC,MAHARASHTRA,410507,692.86,116.08,0,97.06,0,0,0,-138.98,0,-11.8,0,755.22
13-May-2018 6:07:51 AM GMT+00:00,10140700102,"Order
",407-8231205-9221144,DISPOC,"DISPOSABLE NON WOVEN PACK OF 10 PCS GOOD QUALITY USE AND THROW DISPOSABLE PANTY PACK OF 10 PCS IN WHITE COLOR FREE SIZE IDEAL FOR TRAVELLING,CAMPING,F",1,amazon.in,Merchant,PUNE,MAHARASHTRA,411037,346.43,58.04,0,48.53,0,0,0,-69.49,0,-5.9,0,377.61
13-May-2018 6:07:54 AM GMT+00:00,10140700102,"Order
",406-9269843-0547515,MEN DISPO,JEOGA Pack of 10 PCS Good Quality Men Underwear Brief USE and Through Disposable,1,amazon.in,Merchant,panjim,Goa,403509,356.25,58.04,0,49.71,0,0,0,-71.18,0,-5.9,0,386.92
13-May-2018 6:07:54 AM GMT+00:00,10140700102,"Order
",405-1507925-7709901,DISPMAN1,PACK OF 10 PCS GOOD QUALITY MEN UNDERWEAR BRIEF USE AND THROUGH)DISPOSABLE,1,amazon.in,Merchant,TALEGAON MIDC,MAHARASHTRA,410507,356.25,58.04,0,49.71,0,0,0,-71.18,0,-5.9,0,386.92
13-May-2018 8:07:31 AM GMT+00:00,10140700102,"Refund
",403-5446273-4914759,DISPMEN,PACK OF 10 PCS GOOD QUALITY MEN UNDERWEAR BRIEF USE AND THROUGH)DISPOSABLE,1,amazon.in,Merchant,pune,Maharashtra,411007,-338.14,-55.08,0,-70.78,0,0,0,71.18,0,5.9,0,-386.92
13-May-2018 8:07:37 AM GMT+00:00,10140700102,"Refund
",408-1719309-5437113,LUFA,LOOFA PACK OF 10 PCS 100% NATURAL RIDGE GOURD FIBER LOOFAH,1,amazon.in,Merchant,NEW DELHI,DELHI,110051,-337.29,-55.08,0,-70.63,0,0,0,16.39,0,5.9,0,-440.71
14-May-2018 5:44:03 AM GMT+00:00,10140700102,"Shipping Services
",171-6924619-7305120,,Easy Ship weight handling fees,,Amazon.in,Merchant,,,,0,0,0,0,0,0,0,0,0,-53.1,0,-53.1
14-May-2018 5:44:06 AM GMT+00:00,10140700102,"Shipping Services
",408-1648387-8673140,,Easy Ship weight handling fees,,Amazon.in,Merchant,,,,0,0,0,0,0,0,0,0,0,-76.7,0,-76.7
14-May-2018 5:44:06 AM GMT+00:00,10140700102,"Shipping Services
",171-7307147-1889127,,Easy Ship weight handling fees,,Amazon.in,Merchant,,,,0,0,0,0,0,0,0,0,0,-53.1,0,-53.1
14-May-2018 5:44:52 AM GMT+00:00,10140700102,"Order
",171-6924619-7305120,DISPO61,"DISPOSABLE PANTY NON WOVEN PACK OF 10 PCS GOOD QUALITY USE AND THROW DISPOSABLE PANTY PACK OF 10 PCS IN WHITE COLOR FREE SIZE IDEAL FOR TRAVELLING,CAM",1,amazon.in,Merchant,New delhi,DELHI,110075,337.5,58.04,0,47.46,0,0,0,-67.96,0,-5.9,0,369.14
14-May-2018 5:45:02 AM GMT+00:00,10140700102,"Order
",171-7307147-1889127,LOOFA5,LOOFA (5 PCS) 100% NATURAL RIDGE GOURD FIBER LOOFAH PACK OF 5 PCS,1,amazon.in,Merchant,Ambala cantt,Haryana,133001,203.58,58.04,0,31.38,0,0,0,-10.37,0,-5.9,0,276.73
14-May-2018 5:45:06 AM GMT+00:00,10140700102,"Order
",408-1648387-8673140,DISPOC,"DISPOSABLE NON WOVEN PACK OF 10 PCS GOOD QUALITY USE AND THROW DISPOSABLE PANTY PACK OF 10 PCS IN WHITE COLOR FREE SIZE IDEAL FOR TRAVELLING,CAMPING,F",1,amazon.in,Merchant,Mumbai,MAHARASHTRA,400059,347.32,58.04,0,48.64,0,0,0,-69.64,0,-5.9,0,378.46
14-May-2018 6:50:43 AM GMT+00:00,10140700102,"Order
",407-6871632-3193969,SCRTR,"(PACK OF 2) GOOD QUALITY Sisam Wood solid Back Scratcher 15"" Long Self-Massage Back Scratcher",1,amazon.in,"Amazon
",INDORE,MADHYA PRADESH,452001,355.36,44.64,0,48,0,0,0,-32.87,-127.24,-23.6,0,264.29
14-May-2018 12:39:04 PM GMT+00:00,10140700102,"Order
",407-6870265-6100336,DISPO51,"PACK OF 10 PCS GOOD QUALITY USE AND THROW DISPOSABLE PANTY PACK OF 10 PCS IN WHITE COLOR FREE SIZE IDEAL FOR TRAVELLING,CAMPING,FITNESS,OLD AGE,HOSPIT",1,amazon.in,"Amazon
",MUMBAI,MAHARASHTRA,400026,418.75,44.64,0,55.61,0,0,0,-71.94,-121.34,-17.7,0,308.02
14-May-2018 1:34:22 PM GMT+00:00,10140700102,"Order
",402-2444153-4733962,AMANEEM-1,LOOFAH (PACK OF 10 PCS)100%NATURAL RIDGE GOURD ORGANIC FIBER,1,amazon.in,"Amazon
",NEW DELHI,DELHI,110019,338.39,44.64,0,45.97,0,0,0,-13.42,-84.76,-17.7,0,313.12
15-May-2018 4:00:31 AM GMT+00:00,10140700102,"Adjustment
",171-4728678-1589930,AMANEEM-1,FBA Inventory Reimbursement - Customer Return,1,,,,,,0,0,0,0,0,0,0,0,0,0,256.29,256.29
15-May-2018 5:12:42 AM GMT+00:00,10140700102,"Shipping Services
",406-7043262-4076331,,Easy Ship weight handling fees,,Amazon.in,Merchant,,,,0,0,0,0,0,0,0,0,0,-53.1,0,-53.1
15-May-2018 5:13:40 AM GMT+00:00,10140700102,"Order
",406-7043262-4076331,DISPMAN1,JEOGA Pack of 10 PCS Good Quality Men Underwear Brief USE and Through Disposable,1,amazon.in,Merchant,NOIDA,UTTAR PRADESH,201304,356.25,58.04,0,49.71,0,0,0,-71.18,0,-5.9,0,386.92
15-May-2018 12:19:24 PM GMT+00:00,10140700102,"Refund
",402-2304944-9582729,AMANEEM-1,LOOFAH (PACK OF 10 PCS)100%NATURAL RIDGE GOURD ORGANIC FIBER,1,amazon.in,"Amazon
",JIND,HARYANA,126102,-337.5,-44.64,0,-45.86,0,0,0,13.38,44.64,17.7,0,-352.28
16-May-2018 6:08:57 AM GMT+00:00,10140700102,"Order
",407-6888589-2461907,AMANEEM-1,LOOFAH (PACK OF 10 PCS)100%NATURAL RIDGE GOURD ORGANIC FIBER,1,amazon.in,"Amazon
",RANCHI,JHARKHAND,834002,338.39,44.64,0,45.97,0,0,0,-13.42,-121.34,-17.7,0,276.54
16-May-2018 6:47:17 AM GMT+00:00,10140700102,"Shipping Services
",171-3622726-0249949,,Easy Ship weight handling fees,,Amazon.in,Merchant,,,,0,0,0,0,0,0,0,0,0,-76.7,0,-76.7
16-May-2018 6:48:22 AM GMT+00:00,10140700102,"Order
",171-3622726-0249949,LOFA4,LOOFAH NATURAL FIBER (PACK OF 10 PCS) 100% NATURAL RIDGE GOURD ORGANIC FIBER,1,amazon.in,Merchant,AHMEDABAD,GUJARAT,380008,266.07,58.04,0,38.89,0,0,0,-12.85,0,-5.9,0,344.25
16-May-2018 1:15:32 PM GMT+00:00,10140700102,"FBA Inventory Fee
",,,FBA Inventory Storage Fee,,Amazon.in,,,,,0,0,0,0,0,0,0,0,0,0,-288.74,-288.74
17-May-2018 5:55:30 AM GMT+00:00,10140700102,"Order
",405-0082979-6130755,AMANEEM-1,LOOFAH (PACK OF 10 PCS)100%NATURAL RIDGE GOURD ORGANIC FIBER,1,amazon.in,"Amazon
",Panaji,GOA,403114,337.5,14.88,-14.88,40.5,0,0,0,-13.38,-76.7,-17.7,0,270.22
17-May-2018 5:59:21 AM GMT+00:00,10140700102,"Order
",404-1645072-3214730,DISPO51,"PACK OF 10 PCS GOOD QUALITY USE AND THROW DISPOSABLE PANTY PACK OF 10 PCS IN WHITE COLOR FREE SIZE IDEAL FOR TRAVELLING,CAMPING,FITNESS,OLD AGE,HOSPIT",1,amazon.in,"Amazon
",MOHALI,PUNJAB,160071,418.75,0,0,50.25,0,0,0,-71.94,-49.56,-17.7,0,329.8
17-May-2018 7:10:41 AM GMT+00:00,10140700102,"Order
",408-0032123-5049109,DISPO51,"PACK OF 10 PCS GOOD QUALITY USE AND THROW DISPOSABLE PANTY PACK OF 10 PCS IN WHITE COLOR FREE SIZE IDEAL FOR TRAVELLING,CAMPING,FITNESS,OLD AGE,HOSPIT",1,amazon.in,"Amazon
",THANE,MAHARASHTRA,400607,417.86,0,0,50.14,0,0,0,-71.79,-76.7,-17.7,0,301.81
17-May-2018 7:10:57 AM GMT+00:00,10140700102,"Order
",404-1380704-1731555,DISPO51,"PACK OF 10 PCS GOOD QUALITY USE AND THROW DISPOSABLE PANTY PACK OF 10 PCS IN WHITE COLOR FREE SIZE IDEAL FOR TRAVELLING,CAMPING,FITNESS,OLD AGE,HOSPIT",1,amazon.in,"Amazon
",GANDHINAGAR,GUJARAT,382007,417.86,14.88,-14.88,50.14,0,0,0,-71.79,-76.7,-17.7,0,301.81
17-May-2018 12:28:58 PM GMT+00:00,10140700102,"Order
",403-1794720-2212369,AMANEEM-1,LOOFAH (PACK OF 10 PCS)100%NATURAL RIDGE GOURD ORGANIC FIBER,1,amazon.in,"Amazon
",RAIPUR,CHHATTISGARH,492001,338.39,44.64,0,45.97,0,0,0,-13.42,-121.34,-17.7,0,276.54
17-May-2018 12:58:31 PM GMT+00:00,10140700102,"Order
",404-7706145-1257125,DISPO51,"PACK OF 10 PCS GOOD QUALITY USE AND THROW DISPOSABLE PANTY PACK OF 10 PCS IN WHITE COLOR FREE SIZE IDEAL FOR TRAVELLING,CAMPING,FITNESS,OLD AGE,HOSPIT",1,amazon.in,"Amazon
",Kochi,KERALA,682024,418.75,44.64,0,55.61,0,0,0,-71.94,-121.34,-17.7,0,308.02
17-May-2018 12:58:52 PM GMT+00:00,10140700102,"Order
",406-8112871-7126769,BIG LUFA,"LOOFAH (3 PCS)100% NATURAL RIDGE GOURD FIBER BIG SIZE 8""TO10"" INCH LONG(YOU CAN CUT IT AS PER YOUR REQUARMENT) &#x2022; Use with your favorite liquid",1,amazon.in,"Amazon
",FARIDABAD,HARYANA,121007,266.96,14.89,-14.89,32.04,0,0,0,-10.58,-49.56,-17.7,0,221.16
17-May-2018 2:03:41 PM GMT+00:00,10140700102,"Order
",405-4095330-7837927,BIG LUFA,"LOOFAH (3 PCS)100% NATURAL RIDGE GOURD FIBER BIG SIZE 8""TO10"" INCH LONG(YOU CAN CUT IT AS PER YOUR REQUARMENT) &#x2022; Use with your favorite liquid",1,amazon.in,"Amazon
",BENGALURU,KARNATAKA,560064,221.43,0,0,26.57,0,0,0,-8.78,-76.7,-17.7,0,144.82
18-May-2018 3:47:51 AM GMT+00:00,10140700102,"Order
",406-0776035-4516308,DISPO51,"PACK OF 10 PCS GOOD QUALITY USE AND THROW DISPOSABLE PANTY PACK OF 10 PCS IN WHITE COLOR FREE SIZE IDEAL FOR TRAVELLING,CAMPING,FITNESS,OLD AGE,HOSPIT",1,amazon.in,"Amazon
",THANE,MAHARASHTRA,401107,417.86,44.64,0,55.5,0,0,0,-71.79,-121.34,-17.7,0,307.17
18-May-2018 4:13:14 AM GMT+00:00,10140700102,"Order
",407-6662022-6517165,AMANEEM-1,LOOFAH (PACK OF 10 PCS)100%NATURAL RIDGE GOURD ORGANIC FIBER,1,amazon.in,"Amazon
",MUMBAI,MAHARASHTRA,400093,337.5,0,0,40.5,0,0,0,-13.38,-76.7,-17.7,0,270.22
18-May-2018 5:58:00 AM GMT+00:00,10140700102,"Order
",406-9012418-6254705,WOOD,"PACK OF 2 GOOD QUALITY Wood Back Scratcher Massager 18"" Long Self-Massage Back Scratcher With Double ball Rolling massage",1,amazon.in,"Amazon
",MANGALURU,KARNATAKA,575004,266.96,8.93,-8.93,32.04,0,0,0,-24.7,-82.6,-23.6,0,168.1
18-May-2018 6:49:25 AM GMT+00:00,10140700102,"Order
",403-4196956-1041156,SCRTR,"(PACK OF 2) GOOD QUALITY Sisam Wood solid Back Scratcher 15"" Long Self-Massage Back Scratcher",1,amazon.in,"Amazon
",BENGALURU,KARNATAKA,560028,319.64,14.88,-14.88,38.36,0,0,0,-29.57,-82.6,-23.6,0,222.23
18-May-2018 7:06:07 AM GMT+00:00,10140700102,"Shipping Services
",402-5929844-3150746,,Easy Ship weight handling fees,,Amazon.in,Merchant,,,,0,0,0,0,0,0,0,0,0,-76.7,0,-76.7
18-May-2018 7:06:49 AM GMT+00:00,10140700102,"Order
",402-5929844-3150746,DISPOC,"DISPOSABLE NON WOVEN PACK OF 10 PCS GOOD QUALITY USE AND THROW DISPOSABLE PANTY PACK OF 10 PCS IN WHITE COLOR FREE SIZE IDEAL FOR TRAVELLING,CAMPING,F",1,amazon.in,Merchant,Nagpur,MAHARASHTRA,440027,347.32,58.04,0,48.64,0,0,0,-69.64,0,-5.9,0,378.46
18-May-2018 8:21:03 AM GMT+00:00,10280094712,"Transfer
",,,To account ending with: ,,,,,,,0,0,0,0,0,0,0,0,0,0,"-10,666.65","-10,666.65"
18-May-2018 1:05:03 PM GMT+00:00,10280094712,"Order
",404-3197621-4709165,DISPO51,"PACK OF 10 PCS GOOD QUALITY USE AND THROW DISPOSABLE PANTY PACK OF 10 PCS IN WHITE COLOR FREE SIZE IDEAL FOR TRAVELLING,CAMPING,FITNESS,OLD AGE,HOSPIT",1,amazon.in,"Amazon
",NEW DELHI,DELHI,110009,417.86,44.64,0,55.5,0,0,0,-71.79,-94.2,-17.7,0,334.31
19-May-2018 7:12:54 AM GMT+00:00,10280094712,"Shipping Services
",171-5387333-0937157,,Easy Ship weight handling fees,,Amazon.in,Merchant,,,,0,0,0,0,0,0,0,0,0,-76.7,0,-76.7
19-May-2018 7:13:04 AM GMT+00:00,10280094712,"Shipping Services
",405-3486989-3191540,,Easy Ship weight handling fees,,Amazon.in,Merchant,,,,0,0,0,0,0,0,0,0,0,-53.1,0,-53.1
19-May-2018 7:13:04 AM GMT+00:00,10280094712,"Shipping Services
",404-8684361-3779513,,Easy Ship weight handling fees,,Amazon.in,Merchant,,,,0,0,0,0,0,0,0,0,0,-76.7,0,-76.7
19-May-2018 7:13:10 AM GMT+00:00,10280094712,"Shipping Services
",408-8801244-3217107,,Easy Ship weight handling fees,,Amazon.in,Merchant,,,,0,0,0,0,0,0,0,0,0,-76.7,0,-76.7
19-May-2018 7:13:20 AM GMT+00:00,10280094712,"Order
",171-5387333-0937157,LUFA,LOOFA PACK OF 10 PCS 100% NATURAL RIDGE GOURD FIBER LOOFAH,1,amazon.in,Merchant,AHMEDABAD,GUJARAT,380054,266.07,58.04,0,38.89,0,0,0,-12.85,0,-5.9,0,344.25
19-May-2018 7:13:36 AM GMT+00:00,10280094712,"Order
",405-3486989-3191540,DISPMAN1,JEOGA Pack of 10 PCS Good Quality Men Underwear Brief USE and Through Disposable,1,amazon.in,Merchant,NEW DELHI,DELHI,110048,356.25,58.04,0,49.71,0,0,0,-71.18,0,-5.9,0,386.92
19-May-2018 7:13:36 AM GMT+00:00,10280094712,"Order
",404-8684361-3779513,SCR,"FREE GOOD QUALITY Bamboo Wood Back Scratcher Massager 18"" Long Self-Massage Back Scratcher With Double ball Rolling massage",1,amazon.in,Merchant,NAVI MUMBAI,MAHARASHTRA,400706,177.68,58.04,0,28.28,0,0,0,-34.27,0,-5.9,0,223.83
19-May-2018 7:13:40 AM GMT+00:00,10280094712,"Order
",408-8801244-3217107,LUFA,LOOFA PACK OF 10 PCS 100% NATURAL RIDGE GOURD FIBER LOOFAH,1,amazon.in,Merchant,BENGALURU,KARNATAKA,560056,266.07,58.04,0,38.89,0,0,0,-12.85,0,-5.9,0,344.25
19-May-2018 6:40:47 PM GMT+00:00,10280094712,"Order
",407-9377616-7417136,MASH,Set of 2 wooden good quality masher and ukhal musali,1,amazon.in,"Amazon
",TIRUCHIRAPPALLI,TAMIL NADU,620019,266.96,44.64,0,37.4,0,0,0,-40.58,-153.2,-23.6,0,131.62
20-May-2018 5:29:27 AM GMT+00:00,10280094712,"Shipping Services
",404-1544209-5842717,,Easy Ship weight handling fees,,Amazon.in,Merchant,,,,0,0,0,0,0,0,0,0,0,-53.1,0,-53.1
20-May-2018 5:29:27 AM GMT+00:00,10280094712,"Shipping Services
",408-7511664-5360355,,Easy Ship weight handling fees,,Amazon.in,Merchant,,,,0,0,0,0,0,0,0,0,0,-76.7,0,-76.7
20-May-2018 5:29:27 AM GMT+00:00,10280094712,"Shipping Services
",408-1644221-8501102,,Easy Ship weight handling fees,,Amazon.in,Merchant,,,,0,0,0,0,0,0,0,0,0,-53.1,0,-53.1
20-May-2018 5:29:42 AM GMT+00:00,10280094712,"Shipping Services
",402-3693097-4165914,,Easy Ship weight handling fees,,Amazon.in,Merchant,,,,0,0,0,0,0,0,0,0,0,-53.1,0,-53.1
20-May-2018 5:30:25 AM GMT+00:00,10280094712,"Order
",404-1544209-5842717,AMA LOOFA-1,LOOFAH NATURAL FIBER (PACK OF 10 PCS) 100% NATURAL RIDGE GOURD ORGANIC FIBER,1,amazon.in,Merchant,NEW DELHI,DELHI,110051,266.96,58.04,0,39,0,0,0,-12.88,0,-5.9,0,345.22
20-May-2018 5:30:25 AM GMT+00:00,10280094712,"Order
",408-1644221-8501102,LUFA,LOOFA PACK OF 10 PCS 100% NATURAL RIDGE GOURD FIBER LOOFAH,1,amazon.in,Merchant,CHANDIGARH,CHANDIGARH,160011,266.96,58.04,0,39,0,0,0,-12.88,0,-5.9,0,345.22
20-May-2018 5:30:28 AM GMT+00:00,10280094712,"Order
",408-7511664-5360355,DISPMAN1,JEOGA Pack of 10 PCS Good Quality Men Underwear Brief USE and Through Disposable,1,amazon.in,Merchant,MUMBAI,MAHARASHTRA,400063,355.36,58.04,0,49.6,0,0,0,-71.02,0,-5.9,0,386.08
20-May-2018 5:30:32 AM GMT+00:00,10280094712,"Order
",402-3693097-4165914,DISPMEN,JEOGA Pack of 10 PCS Good Quality Men Underwear Brief USE and Through Disposable,1,amazon.in,Merchant,CHANDIGARH,CHANDIGARH,160022,356.25,58.04,0,49.71,0,0,0,-71.18,0,-5.9,0,386.92
20-May-2018 6:49:29 PM GMT+00:00,10280094712,"Order
",407-0439930-0177941,AMANEEM-1,LOOFAH (PACK OF 10 PCS)100%NATURAL RIDGE GOURD ORGANIC FIBER,1,amazon.in,"Amazon
",JIND,HARYANA,126102,328.58,44.64,0,44.78,0,0,0,-13.03,-94.2,-17.7,0,293.07
21-May-2018 6:32:11 AM GMT+00:00,10280094712,"Shipping Services
",402-5322009-1829113,,Easy Ship weight handling fees,,Amazon.in,Merchant,,,,0,0,0,0,0,0,0,0,0,-76.7,0,-76.7
21-May-2018 6:32:11 AM GMT+00:00,10280094712,"Shipping Services
",406-1380595-3667531,,Easy Ship weight handling fees,,Amazon.in,Merchant,,,,0,0,0,0,0,0,0,0,0,-76.7,0,-76.7
21-May-2018 6:32:14 AM GMT+00:00,10280094712,"Shipping Services
",402-3851073-8541944,,Easy Ship weight handling fees,,Amazon.in,Merchant,,,,0,0,0,0,0,0,0,0,0,-76.7,0,-76.7
21-May-2018 6:32:14 AM GMT+00:00,10280094712,"Shipping Services
",405-4208336-4835545,,Easy Ship weight handling fees,,Amazon.in,Merchant,,,,0,0,0,0,0,0,0,0,0,-76.7,0,-76.7
21-May-2018 6:32:56 AM GMT+00:00,10280094712,"Order
",406-1380595-3667531,SCRTR,"(PACK OF 2) GOOD QUALITY Sisam Wood solid Back Scratcher 15"" Long Self-Massage Back Scratcher",1,amazon.in,Merchant,SALEM,TAMIL NADU,636004,230.36,58.04,0,34.6,0,0,0,-26.68,0,-5.9,0,290.42
21-May-2018 6:32:56 AM GMT+00:00,10280094712,"Order
",402-3851073-8541944,LUFA,LOOFA PACK OF 10 PCS 100% NATURAL RIDGE GOURD FIBER LOOFAH,1,amazon.in,Merchant,Mumbai,MAHARASHTRA,400036,266.96,58.04,0,39,0,0,0,-12.88,0,-5.9,0,345.22
21-May-2018 6:32:59 AM GMT+00:00,10280094712,"Order
",402-5322009-1829113,DISPMEN,JEOGA Pack of 10 PCS Good Quality Men Underwear Brief USE and Through Disposable,1,amazon.in,Merchant,PALGHAR,Maharashtra,401202,355.36,58.04,0,49.6,0,0,0,-71.02,0,-5.9,0,386.08
21-May-2018 6:33:01 AM GMT+00:00,10280094712,"Order
",405-4208336-4835545,LUFA,LOOFA PACK OF 10 PCS 100% NATURAL RIDGE GOURD FIBER LOOFAH,1,amazon.in,Merchant,MUMBAI,MAHARASHTRA,400080,266.96,58.04,0,39,0,0,0,-12.88,0,-5.9,0,345.22
21-May-2018 6:36:49 AM GMT+00:00,10280094712,"Shipping Services
",407-7797255-8278749,,Easy Ship weight handling fees,,Amazon.in,Merchant,,,,0,0,0,0,0,0,0,0,0,-76.7,0,-76.7
21-May-2018 6:37:40 AM GMT+00:00,10280094712,"Order
",407-7797255-8278749,DISPOMEN,JEOGA Pack of 10 PCS Good Quality Men Underwear Brief USE and Through Disposable,1,amazon.in,Merchant,MYSURU,KARNATAKA,570003,355.36,58.04,0,49.6,0,0,0,-71.02,0,-5.9,0,386.08
21-May-2018 6:48:15 AM GMT+00:00,10280094712,"Order
",405-4643479-3385948,BIG LUFA,"LOOFAH (3 PCS)100% NATURAL RIDGE GOURD FIBER BIG SIZE 8""TO10"" INCH LONG(YOU CAN CUT IT AS PER YOUR REQUARMENT) &#x2022; Use with your favorite liquid",1,amazon.in,"Amazon
",delhi,DELHI,110034,266.96,0,0,32.04,0,0,0,-10.58,-40.12,-17.7,0,230.6
21-May-2018 9:03:08 AM GMT+00:00,10280094712,"Refund
",406-8759857-4483549,LOFA4,LOOFAH NATURAL FIBER (PACK OF 10 PCS)100%NATURAL RIDGE GOURD ORGANIC FIBER,1,amazon.in,Merchant,RANCHI,JHARKHAND,834001,-292.86,-58.04,0,-42.1,0,0,0,13.91,0,5.9,0,-373.19
21-May-2018 3:46:33 PM GMT+00:00,10280094712,"Refund
",405-7949178-8113116,LUFA,LOOFA PACK OF 10 PCS 100% NATURAL RIDGE GOURD FIBER LOOFAH,1,amazon.in,Merchant,NEW DELHI,DELHI,110019,-319.64,-58.04,0,-45.32,0,0,0,14.97,0,5.9,0,-402.13
21-May-2018 9:22:44 PM GMT+00:00,10280094712,"Adjustment
",406-6650802-0505143,AMANEEM-1,FBA Inventory Reimbursement - Customer Service Issue,1,,,,,,0,0,0,0,0,0,0,0,0,0,215.41,215.41
22-May-2018 4:59:27 AM GMT+00:00,10280094712,"Order
",407-4999049-3821937,BIG LUFA,"LOOFAH (3 PCS)100% NATURAL RIDGE GOURD FIBER BIG SIZE 8""TO10"" INCH LONG(YOU CAN CUT IT AS PER YOUR REQUARMENT) &#x2022; Use with your favorite liquid",1,amazon.in,"Amazon
",PANIPAT,HARYANA,132103,266.08,0,0,31.92,0,0,0,-10.55,-49.56,-17.7,0,220.19
22-May-2018 5:03:20 AM GMT+00:00,10280094712,"Shipping Services
",403-4896557-1662705,,Easy Ship weight handling fees,,Amazon.in,Merchant,,,,0,0,0,0,0,0,0,0,0,-53.1,0,-53.1
22-May-2018 5:03:20 AM GMT+00:00,10280094712,"Shipping Services
",405-7110894-9647534,,Easy Ship weight handling fees,,Amazon.in,Merchant,,,,0,0,0,0,0,0,0,0,0,-53.1,0,-53.1
22-May-2018 5:03:20 AM GMT+00:00,10280094712,"Shipping Services
",403-3648876-6068320,,Easy Ship weight handling fees,,Amazon.in,Merchant,,,,0,0,0,0,0,0,0,0,0,-76.7,0,-76.7
22-May-2018 5:03:23 AM GMT+00:00,10280094712,"Shipping Services
",405-1626892-5207508,,Easy Ship weight handling fees,,Amazon.in,Merchant,,,,0,0,0,0,0,0,0,0,0,-76.7,0,-76.7
22-May-2018 5:03:23 AM GMT+00:00,10280094712,"Shipping Services
",404-1042140-5140312,,Easy Ship weight handling fees,,Amazon.in,Merchant,,,,0,0,0,0,0,0,0,0,0,-53.1,0,-53.1
22-May-2018 5:03:59 AM GMT+00:00,10280094712,"Order
",405-1626892-5207508,khanakia-2,LOOFA 100% NATURAL RIDGE GOURD FIBER LOOFAH PACK OF 10 PCS,1,amazon.in,Merchant,navi mumbai,Maharashtra,410210,266.07,58.04,0,38.89,0,0,0,-12.85,0,-5.9,0,344.25
22-May-2018 5:04:00 AM GMT+00:00,10280094712,"Order
",403-3648876-6068320,LOFA4,LOOFAH NATURAL FIBER (PACK OF 10 PCS) 100% NATURAL RIDGE GOURD ORGANIC FIBER,1,amazon.in,Merchant,MUMBAI,MAHARASHTRA,400020,266.96,58.04,0,39,0,0,0,-12.88,0,-5.9,0,345.22
22-May-2018 5:04:00 AM GMT+00:00,10280094712,"Order
",403-4896557-1662705,LUFA,LOOFA PACK OF 10 PCS 100% NATURAL RIDGE GOURD FIBER LOOFAH,1,amazon.in,Merchant,zirakpur,PUNJAB,140603,266.07,58.04,0,38.89,0,0,0,-12.85,0,-5.9,0,344.25
22-May-2018 5:04:00 AM GMT+00:00,10280094712,"Order
",405-7110894-9647534,DISPMAN1,JEOGA Pack of 10 PCS Good Quality Men Underwear Brief USE and Through Disposable,1,amazon.in,Merchant,NEW DELHI,DELHI,110048,356.25,58.04,0,49.71,0,0,0,-71.18,0,-5.9,0,386.92
22-May-2018 5:04:03 AM GMT+00:00,10280094712,"Order
",404-1042140-5140312,DISPO009,JEOGA Disposable Panty for Women (Pack of 10 Pcs),1,amazon.in,Merchant,gurgaon,HARYANA,122011,347.32,58.04,0,48.64,0,0,0,-69.64,0,-5.9,0,378.46
22-May-2018 6:13:27 AM GMT+00:00,10280094712,"Order
",404-9915930-3141924,WOOD,"PACK OF 2 GOOD QUALITY Wood Back Scratcher Massager 18"" Long Self-Massage Back Scratcher With Double ball Rolling massage",1,amazon.in,"Amazon
",NEW DELHI,DELHI,110034,266.96,0,0,32.04,0,0,0,-24.7,-46.02,-23.6,0,204.68
22-May-2018 6:43:13 AM GMT+00:00,10280094712,"Order
",405-6351533-0571500,AMANEEM-1,LOOFAH (PACK OF 10 PCS)100%NATURAL RIDGE GOURD ORGANIC FIBER,1,amazon.in,"Amazon
",New Delhi,DELHI,110005,328.57,0,0,39.43,0,0,0,-13.03,-49.56,-17.7,0,287.71
22-May-2018 9:49:17 PM GMT+00:00,10280094712,"Order
",408-3382423-5349951,DISPO51,"PACK OF 10 PCS GOOD QUALITY USE AND THROW DISPOSABLE PANTY PACK OF 10 PCS IN WHITE COLOR FREE SIZE IDEAL FOR TRAVELLING,CAMPING,FITNESS,OLD AGE,HOSPIT",1,amazon.in,"Amazon
",VADODARA,GUJARAT,390001,418.75,44.64,0,55.61,0,0,0,-71.94,-121.34,-17.7,0,308.02
22-May-2018 11:09:30 PM GMT+00:00,10280094712,"Order
",404-4627905-0973121,DISPO51,"PACK OF 10 PCS GOOD QUALITY USE AND THROW DISPOSABLE PANTY PACK OF 10 PCS IN WHITE COLOR FREE SIZE IDEAL FOR TRAVELLING,CAMPING,FITNESS,OLD AGE,HOSPIT",3,amazon.in,"Amazon
",CHANDIGARH,CHANDIGARH,160009,"1,253.58",89.29,-125.37,146.1,0,0,0,-193.85,-237.97,-53.1,0,878.68
23-May-2018 4:50:54 AM GMT+00:00,10280094712,"Shipping Services
",407-7598895-9093913,,Easy Ship weight handling fees,,Amazon.in,Merchant,,,,0,0,0,0,0,0,0,0,0,-76.7,0,-76.7
23-May-2018 4:52:00 AM GMT+00:00,10280094712,"Order
",407-7598895-9093913,DISPOQ,"DISPOSABLE PACK OF 10 PCS NON WOVEN GOOD QUALITY USE AND THROW DISPOSABLE PANTY PACK OF 10 PCS IN WHITE COLOR FREE SIZE IDEAL FOR TRAVELLING,CAMPING,F",1,amazon.in,Merchant,PIMPRI CHINCHWAD,MAHARASHTRA,411044,347.32,58.04,0,48.64,0,0,0,-69.64,0,-5.9,0,378.46
23-May-2018 6:53:09 PM GMT+00:00,10280094712,"Order
",402-9584521-3157165,DISPO51,"PACK OF 10 PCS GOOD QUALITY USE AND THROW DISPOSABLE PANTY PACK OF 10 PCS IN WHITE COLOR FREE SIZE IDEAL FOR TRAVELLING,CAMPING,FITNESS,OLD AGE,HOSPIT",1,amazon.in,"Amazon
",NORTH WEST DELHI,DELHI,110009,418.75,0,0,50.25,0,0,0,-71.94,-49.56,-17.7,0,329.8
24-May-2018 1:16:06 AM GMT+00:00,10280094712,"FBA Inventory Fee
",Xi5k8AS578,,FBA Removal Order: Return Fee,,Amazon.in,,,,,0,0,0,0,0,0,0,0,0,0,-11.8,-11.8
24-May-2018 5:52:19 AM GMT+00:00,10280094712,"Shipping Services
",407-1022751-0920332,,Easy Ship weight handling fees,,Amazon.in,Merchant,,,,0,0,0,0,0,0,0,0,0,-53.1,0,-53.1
24-May-2018 5:52:22 AM GMT+00:00,10280094712,"Shipping Services
",406-6786417-9904315,,Easy Ship weight handling fees,,Amazon.in,Merchant,,,,0,0,0,0,0,0,0,0,0,-76.7,0,-76.7
24-May-2018 5:52:23 AM GMT+00:00,10280094712,"Shipping Services
",407-1414222-1212301,,Easy Ship weight handling fees,,Amazon.in,Merchant,,,,0,0,0,0,0,0,0,0,0,-76.7,0,-76.7
24-May-2018 5:53:25 AM GMT+00:00,10280094712,"Order
",406-6786417-9904315,AMA LOOFA-1,LOOFAH NATURAL FIBER (PACK OF 10 PCS) 100% NATURAL RIDGE GOURD ORGANIC FIBER,1,amazon.in,Merchant,"Nerul, Navi mumbai",MAHARASHTRA,400706,266.07,58.04,0,38.89,0,0,0,-12.85,0,-5.9,0,344.25
24-May-2018 5:53:26 AM GMT+00:00,10280094712,"Order
",407-1022751-0920332,DISPMAN1,JEOGA Pack of 10 PCS Good Quality Men Underwear Brief USE and Through Disposable,1,amazon.in,Merchant,Kharar Mohali,Punjab,140301,356.25,58.04,0,49.71,0,0,0,-71.18,0,-5.9,0,386.92
24-May-2018 5:53:32 AM GMT+00:00,10280094712,"Order
",407-1414222-1212301,AMA LOOFA-1,LOOFAH NATURAL FIBER (PACK OF 10 PCS) 100% NATURAL RIDGE GOURD ORGANIC FIBER,1,amazon.in,Merchant,MUMBAI,MAHARASHTRA,400011,266.07,58.04,0,38.89,0,0,0,-12.85,0,-5.9,0,344.25
25-May-2018 4:33:04 AM GMT+00:00,10280094712,"FBA Inventory Fee
",,,FBA Inbound Pickup Service,,Amazon.in,,,,,0,0,0,0,0,0,0,0,0,0,-598.12,-598.12
25-May-2018 6:22:38 AM GMT+00:00,10280094712,"Shipping Services
",406-8845671-2170709,,Easy Ship weight handling fees,,Amazon.in,Merchant,,,,0,0,0,0,0,0,0,0,0,-76.7,0,-76.7
25-May-2018 6:22:38 AM GMT+00:00,10280094712,"Shipping Services
",405-5515460-8877928,,Easy Ship weight handling fees,,Amazon.in,Merchant,,,,0,0,0,0,0,0,0,0,0,-53.1,0,-53.1
25-May-2018 6:23:13 AM GMT+00:00,10280094712,"Order
",405-5515460-8877928,DISPMAN1,JEOGA Pack of 10 PCS Good Quality Men Underwear Brief USE and Through Disposable,1,amazon.in,Merchant,NEW DELHI,DELHI,110033,355.36,58.04,0,49.6,0,0,0,-71.02,0,-5.9,0,386.08
25-May-2018 6:23:13 AM GMT+00:00,10280094712,"Order
",406-8845671-2170709,LUFA,LOOFA PACK OF 10 PCS 100% NATURAL RIDGE GOURD FIBER LOOFAH,1,amazon.in,Merchant,RAIPUR,CHATTISGARH,492001,266.96,58.04,0,39,0,0,0,-12.88,0,-5.9,0,345.22
25-May-2018 8:21:23 AM GMT+00:00,10297615962,"Transfer
",,,To account ending with: ,,,,,,,0,0,0,0,0,0,0,0,0,0,"-7,941.06","-7,941.06"
26-May-2018 8:55:21 AM GMT+00:00,10297615962,"Order
",405-7555592-8585918,BIG LUFA,"LOOFAH (3 PCS)100% NATURAL RIDGE GOURD FIBER BIG SIZE 8""TO10"" INCH LONG(YOU CAN CUT IT AS PER YOUR REQUARMENT) &#x2022; Use with your favorite liquid",1,amazon.in,"Amazon
",Noida,UTTAR PRADESH,201301,266.96,44.64,0,37.4,0,0,0,-10.58,-94.2,-17.7,0,226.52
26-May-2018 9:07:12 AM GMT+00:00,10297615962,"Shipping Services
",407-7593078-3204320,,Easy Ship weight handling fees,,Amazon.in,Merchant,,,,0,0,0,0,0,0,0,0,0,-76.7,0,-76.7
26-May-2018 9:08:04 AM GMT+00:00,10297615962,"Order
",407-7593078-3204320,DISPMAN1,JEOGA Pack of 10 PCS Good Quality Men Underwear Brief USE and Through Disposable,2,amazon.in,Merchant,MUMBAI,MAHARASHTRA,400086,710.72,116.08,-71.08,90.68,0,0,0,-129.85,0,-11.8,0,704.75
27-May-2018 4:48:25 AM GMT+00:00,10297615962,"Order
",402-9836458-3961153,AMANEEM-1,LOOFAH (PACK OF 10 PCS)100%NATURAL RIDGE GOURD ORGANIC FIBER,1,amazon.in,"Amazon
",MANGALORE,KARNATAKA,575003,329.46,0,-32.95,35.58,0,0,0,-11.75,-76.7,-17.7,0,225.94
27-May-2018 5:23:09 AM GMT+00:00,10297615962,"Shipping Services
",407-7444193-2919520,,Easy Ship weight handling fees,,Amazon.in,Merchant,,,,0,0,0,0,0,0,0,0,0,-76.7,0,-76.7
27-May-2018 5:23:21 AM GMT+00:00,10297615962,"Shipping Services
",402-4234778-3975529,,Easy Ship weight handling fees,,Amazon.in,Merchant,,,,0,0,0,0,0,0,0,0,0,-76.7,0,-76.7
27-May-2018 5:23:59 AM GMT+00:00,10297615962,"Order
",407-7444193-2919520,DISPOC,"DISPOSABLE NON WOVEN PACK OF 10 PCS GOOD QUALITY USE AND THROW DISPOSABLE PANTY PACK OF 10 PCS IN WHITE COLOR FREE SIZE IDEAL FOR TRAVELLING,CAMPING,F",1,amazon.in,Merchant,Nagpur,MAHARASHTRA,440035,346.43,66.96,0,49.61,0,0,0,-71.03,0,-5.9,0,386.07
27-May-2018 5:24:20 AM GMT+00:00,10297615962,"Order
",402-4234778-3975529,LUFABIG,"LOOFAH (3 PCS) 100% NATURAL RIDGE GOURD FIBER BIG SIZE 8"" TO10 INCH LONG(YOU CAN CUT IT AS PER YOUR REQUIREMENT)",2,amazon.in,Merchant,MANGALORE,KARNATAKA,575003,391.08,116.08,-39.1,56.15,0,0,0,-18.55,0,-11.8,0,493.86
27-May-2018 8:57:44 AM GMT+00:00,10297615962,"Shipping Services
",403-3503553-3341953,,Easy Ship weight handling fees,,Amazon.in,Merchant,,,,0,0,0,0,0,0,0,0,0,-76.7,0,-76.7
27-May-2018 8:58:30 AM GMT+00:00,10297615962,"Order
",403-3503553-3341953,AMA LOOFA-1,LOOFAH NATURAL FIBER (PACK OF 10 PCS) 100% NATURAL RIDGE GOURD ORGANIC FIBER,1,amazon.in,Merchant,Thane,MAHARASHTRA,400610,266.07,66.96,-26.6,36.78,0,0,0,-12.16,0,-5.9,0,325.15
27-May-2018 10:08:01 PM GMT+00:00,10297615962,"Order
",403-2489329-3469931,BIG LUFA,"LOOFAH (3 PCS)100% NATURAL RIDGE GOURD FIBER BIG SIZE 8""TO10"" INCH LONG(YOU CAN CUT IT AS PER YOUR REQUARMENT) &#x2022; Use with your favorite liquid",1,amazon.in,"Amazon
",Thane,MAHARASHTRA,400610,266.07,22.32,-26.62,31.42,0,0,0,-9.5,-99.02,-17.7,0,166.97
27-May-2018 11:12:56 PM GMT+00:00,10297615962,"Order
",171-3408068-0753905,DISPO51,"PACK OF 10 PCS GOOD QUALITY USE AND THROW DISPOSABLE PANTY PACK OF 10 PCS IN WHITE COLOR FREE SIZE IDEAL FOR TRAVELLING,CAMPING,FITNESS,OLD AGE,HOSPIT",1,amazon.in,"Amazon
",Mumbra,MAHARASHTRA,400612,418.75,44.64,0,55.61,0,0,0,-71.94,-121.34,-17.7,0,308.02
28-May-2018 6:40:05 AM GMT+00:00,10297615962,"Shipping Services
",405-3955114-3765145,,Easy Ship weight handling fees,,Amazon.in,Merchant,,,,0,0,0,0,0,0,0,0,0,-76.7,0,-76.7
28-May-2018 6:40:13 AM GMT+00:00,10297615962,"Shipping Services
",407-4012293-4813963,,Easy Ship weight handling fees,,Amazon.in,Merchant,,,,0,0,0,0,0,0,0,0,0,-76.7,0,-76.7
28-May-2018 6:40:15 AM GMT+00:00,10297615962,"Shipping Services
",408-4934353-1905159,,Easy Ship weight handling fees,,Amazon.in,Merchant,,,,0,0,0,0,0,0,0,0,0,-76.7,0,-76.7
28-May-2018 6:40:18 AM GMT+00:00,10297615962,"Shipping Services
",171-2024575-5021111,,Easy Ship weight handling fees,,Amazon.in,Merchant,,,,0,0,0,0,0,0,0,0,0,-76.7,0,-76.7
28-May-2018 6:40:32 AM GMT+00:00,10297615962,"Order
",405-3955114-3765145,AMA LOOFA-1,LOOFAH NATURAL FIBER (PACK OF 10 PCS) 100% NATURAL RIDGE GOURD ORGANIC FIBER,1,amazon.in,Merchant,MYSURU,KARNATAKA,570001,266.07,71.43,0,40.5,0,0,0,-13.38,0,-5.9,0,358.72
28-May-2018 6:40:49 AM GMT+00:00,10297615962,"Order
",407-4012293-4813963,DISPMAN1,JEOGA Pack of 10 PCS Good Quality Men Underwear Brief USE and Through Disposable,1,amazon.in,Merchant,Guwahati,Assam,781028,356.25,66.96,0,50.79,0,0,0,-72.72,0,-5.9,0,395.38
28-May-2018 6:40:55 AM GMT+00:00,10297615962,"Order
",408-4934353-1905159,DISPMAN1,JEOGA Pack of 10 PCS Good Quality Men Underwear Brief USE and Through Disposable,1,amazon.in,Merchant,Mumbai,MAHARASHTRA,400033,356.25,71.43,0,51.32,0,0,0,-73.48,0,-5.9,0,399.62
28-May-2018 6:41:25 AM GMT+00:00,10297615962,"Order
",171-2024575-5021111,DISPMAN1,JEOGA Pack of 10 PCS Good Quality Men Underwear Brief USE and Through Disposable,1,amazon.in,Merchant,AHMEDABAD,GUJARAT,380058,356.25,71.43,0,51.32,0,0,0,-73.48,0,-5.9,0,399.62
28-May-2018 4:38:12 PM GMT+00:00,10297615962,"Order
",406-3051877-2131545,HEAD,"SET OF 2 PCS Head Scalp Massager New Arrival Best Selling Premium Quality Hand Held, Relieves Stress, Removes Muscle Tension & Tiredness, Improves Blo",1,amazon.in,"Amazon
",HYDERABAD,TELANGANA,500008,177.68,44.64,0,26.68,0,0,0,-25.83,-121.34,-17.7,0,84.13
29-May-2018 9:16:52 AM GMT+00:00,10297615962,"Refund
",405-7110894-9647534,DISPMAN1,JEOGA Pack of 10 PCS Good Quality Men Underwear Brief USE and Through Disposable,1,amazon.in,Merchant,NEW DELHI,DELHI,110048,-356.25,-58.04,0,-49.71,0,0,0,71.18,0,5.9,0,-386.92
29-May-2018 9:16:55 AM GMT+00:00,10297615962,"Refund
",402-5322009-1829113,DISPMEN,JEOGA Pack of 10 PCS Good Quality Men Underwear Brief USE and Through Disposable,1,amazon.in,Merchant,PALGHAR,Maharashtra,401202,-355.36,-58.04,0,-49.6,0,0,0,71.02,0,5.9,0,-386.08
30-May-2018 5:09:46 AM GMT+00:00,10297615962,"Shipping Services
",171-8711832-2319514,,Easy Ship weight handling fees,,Amazon.in,Merchant,,,,0,0,0,0,0,0,0,0,0,-53.1,0,-53.1
30-May-2018 5:10:05 AM GMT+00:00,10297615962,"Shipping Services
",403-1853025-9641946,,Easy Ship weight handling fees,,Amazon.in,Merchant,,,,0,0,0,0,0,0,0,0,0,-76.7,0,-76.7
30-May-2018 5:10:26 AM GMT+00:00,10297615962,"Order
",171-8711832-2319514,LUFABIG,"LOOFAH (3 PCS) 100% NATURAL RIDGE GOURD FIBER BIG SIZE 8"" TO10 INCH LONG(YOU CAN CUT IT AS PER YOUR REQUIREMENT)",1,amazon.in,Merchant,NEW DELHI,DELHI,110085,221.43,71.43,0,35.14,0,0,0,-11.61,0,-5.9,0,310.49
30-May-2018 5:10:36 AM GMT+00:00,10297615962,"Order
",403-1853025-9641946,LUFABIG,"LOOFAH (3 PCS) 100% NATURAL RIDGE GOURD FIBER BIG SIZE 8"" TO10 INCH LONG(YOU CAN CUT IT AS PER YOUR REQUIREMENT)",1,amazon.in,Merchant,PUNE,MAHARASHTRA,411051,221.43,71.43,0,35.14,0,0,0,-11.61,0,-5.9,0,310.49
30-May-2018 6:21:52 AM GMT+00:00,10297615962,"Adjustment
",,,Non-subscription Fee Adjustment,,,,,,,0,0,0,0,0,0,0,0,0,0,153.4,153.4
30-May-2018 12:32:57 PM GMT+00:00,10297615962,"Order
",171-3638989-0117908,BIG LUFA,"LOOFAH (3 PCS)100% NATURAL RIDGE GOURD FIBER BIG SIZE 8""TO10"" INCH LONG(YOU CAN CUT IT AS PER YOUR REQUARMENT) &#x2022; Use with your favorite liquid",1,amazon.in,"Amazon
",BENGALURU,KARNATAKA,560086,266.07,0,0,31.93,0,0,0,-10.55,-76.7,-17.7,0,193.05
31-May-2018 4:05:35 AM GMT+00:00,10297615962,"Order
",403-4380724-8612332,DISPO51,"PACK OF 10 PCS GOOD QUALITY USE AND THROW DISPOSABLE PANTY PACK OF 10 PCS IN WHITE COLOR FREE SIZE IDEAL FOR TRAVELLING,CAMPING,FITNESS,OLD AGE,HOSPIT",1,amazon.in,"Amazon
",KOLKATA,WEST BENGAL,700019,417.86,44.64,0,55.5,0,0,0,-71.79,-121.34,-17.7,0,307.17
31-May-2018 6:03:07 AM GMT+00:00,10297615962,"Refund
",407-7598895-9093913,DISPOQ,"DISPOSABLE PACK OF 10 PCS NON WOVEN GOOD QUALITY USE AND THROW DISPOSABLE PANTY PACK OF 10 PCS IN WHITE COLOR FREE SIZE IDEAL FOR TRAVELLING,CAMPING,F",1,amazon.in,Merchant,PIMPRI CHINCHWAD,MAHARASHTRA,411044,-347.32,-58.04,0,-48.64,0,0,0,69.64,0,5.9,0,-378.46
31-May-2018 7:16:20 AM GMT+00:00,10297615962,"Shipping Services
",408-1553153-7129935,,Easy Ship weight handling fees,,Amazon.in,Merchant,,,,0,0,0,0,0,0,0,0,0,-76.7,0,-76.7
31-May-2018 7:16:23 AM GMT+00:00,10297615962,"Shipping Services
",406-7426273-4940362,,Easy Ship weight handling fees,,Amazon.in,Merchant,,,,0,0,0,0,0,0,0,0,0,-76.7,0,-76.7
31-May-2018 7:17:05 AM GMT+00:00,10297615962,"Order
",408-1553153-7129935,DISPODF,"PACK OF 10 PCS GOOD QUALITY USE AND THROW DISPOSABLE PANTY PACK OF 10 PCS IN WHITE COLOR FREE SIZE IDEAL FOR TRAVELLING,CAMPING,FITNESS,OLD AGE,HOSPIT",1,amazon.in,Merchant,BANGALORE,KARNATAKA,560027,346.43,71.43,0,50.14,0,0,0,-71.79,0,-5.9,0,390.31
31-May-2018 7:17:05 AM GMT+00:00,10297615962,"Order
",406-7426273-4940362,DISPMEN,JEOGA Pack of 10 PCS Good Quality Men Underwear Brief USE and Through Disposable,1,amazon.in,Merchant,NASHIK,MAHARASHTRA,422013,355.36,71.43,0,51.21,0,0,0,-73.32,0,-5.9,0,398.78
31-May-2018 10:29:15 AM GMT+00:00,10297615962,"Order
",407-8002955-9477111,BIG LUFA,"LOOFAH (3 PCS)100% NATURAL RIDGE GOURD FIBER BIG SIZE 8""TO10"" INCH LONG(YOU CAN CUT IT AS PER YOUR REQUARMENT) &#x2022; Use with your favorite liquid",1,amazon.in,"Amazon
",DELHI,DELHI,110009,266.96,44.64,0,37.4,0,0,0,-10.58,-94.2,-17.7,0,226.52
